--
-- PostgreSQL database dump
--

-- Dumped from database version 16.1 (Debian 16.1-1.pgdg120+1)
-- Dumped by pg_dump version 16.1 (Debian 16.1-1.pgdg120+1)

SET statement_timeout = 0;
SET lock_timeout = 0;
SET idle_in_transaction_session_timeout = 0;
SET client_encoding = 'UTF8';
SET standard_conforming_strings = on;
SELECT pg_catalog.set_config('search_path', '', false);
SET check_function_bodies = false;
SET xmloption = content;
SET client_min_messages = warning;
SET row_security = off;

SET default_tablespace = '';

SET default_table_access_method = heap;

--
-- Name: auth_group; Type: TABLE; Schema: public; Owner: postgres
--

CREATE TABLE public.auth_group (
    id integer NOT NULL,
    name character varying(150) NOT NULL
);


ALTER TABLE public.auth_group OWNER TO postgres;

--
-- Name: auth_group_id_seq; Type: SEQUENCE; Schema: public; Owner: postgres
--

ALTER TABLE public.auth_group ALTER COLUMN id ADD GENERATED BY DEFAULT AS IDENTITY (
    SEQUENCE NAME public.auth_group_id_seq
    START WITH 1
    INCREMENT BY 1
    NO MINVALUE
    NO MAXVALUE
    CACHE 1
);


--
-- Name: auth_group_permissions; Type: TABLE; Schema: public; Owner: postgres
--

CREATE TABLE public.auth_group_permissions (
    id bigint NOT NULL,
    group_id integer NOT NULL,
    permission_id integer NOT NULL
);


ALTER TABLE public.auth_group_permissions OWNER TO postgres;

--
-- Name: auth_group_permissions_id_seq; Type: SEQUENCE; Schema: public; Owner: postgres
--

ALTER TABLE public.auth_group_permissions ALTER COLUMN id ADD GENERATED BY DEFAULT AS IDENTITY (
    SEQUENCE NAME public.auth_group_permissions_id_seq
    START WITH 1
    INCREMENT BY 1
    NO MINVALUE
    NO MAXVALUE
    CACHE 1
);


--
-- Name: auth_permission; Type: TABLE; Schema: public; Owner: postgres
--

CREATE TABLE public.auth_permission (
    id integer NOT NULL,
    name character varying(255) NOT NULL,
    content_type_id integer NOT NULL,
    codename character varying(100) NOT NULL
);


ALTER TABLE public.auth_permission OWNER TO postgres;

--
-- Name: auth_permission_id_seq; Type: SEQUENCE; Schema: public; Owner: postgres
--

ALTER TABLE public.auth_permission ALTER COLUMN id ADD GENERATED BY DEFAULT AS IDENTITY (
    SEQUENCE NAME public.auth_permission_id_seq
    START WITH 1
    INCREMENT BY 1
    NO MINVALUE
    NO MAXVALUE
    CACHE 1
);


--
-- Name: auth_user; Type: TABLE; Schema: public; Owner: postgres
--

CREATE TABLE public.auth_user (
    id integer NOT NULL,
    password character varying(128) NOT NULL,
    last_login timestamp with time zone,
    is_superuser boolean NOT NULL,
    username character varying(150) NOT NULL,
    first_name character varying(150) NOT NULL,
    last_name character varying(150) NOT NULL,
    email character varying(254) NOT NULL,
    is_staff boolean NOT NULL,
    is_active boolean NOT NULL,
    date_joined timestamp with time zone NOT NULL
);


ALTER TABLE public.auth_user OWNER TO postgres;

--
-- Name: auth_user_groups; Type: TABLE; Schema: public; Owner: postgres
--

CREATE TABLE public.auth_user_groups (
    id bigint NOT NULL,
    user_id integer NOT NULL,
    group_id integer NOT NULL
);


ALTER TABLE public.auth_user_groups OWNER TO postgres;

--
-- Name: auth_user_groups_id_seq; Type: SEQUENCE; Schema: public; Owner: postgres
--

ALTER TABLE public.auth_user_groups ALTER COLUMN id ADD GENERATED BY DEFAULT AS IDENTITY (
    SEQUENCE NAME public.auth_user_groups_id_seq
    START WITH 1
    INCREMENT BY 1
    NO MINVALUE
    NO MAXVALUE
    CACHE 1
);


--
-- Name: auth_user_id_seq; Type: SEQUENCE; Schema: public; Owner: postgres
--

ALTER TABLE public.auth_user ALTER COLUMN id ADD GENERATED BY DEFAULT AS IDENTITY (
    SEQUENCE NAME public.auth_user_id_seq
    START WITH 1
    INCREMENT BY 1
    NO MINVALUE
    NO MAXVALUE
    CACHE 1
);


--
-- Name: auth_user_user_permissions; Type: TABLE; Schema: public; Owner: postgres
--

CREATE TABLE public.auth_user_user_permissions (
    id bigint NOT NULL,
    user_id integer NOT NULL,
    permission_id integer NOT NULL
);


ALTER TABLE public.auth_user_user_permissions OWNER TO postgres;

--
-- Name: auth_user_user_permissions_id_seq; Type: SEQUENCE; Schema: public; Owner: postgres
--

ALTER TABLE public.auth_user_user_permissions ALTER COLUMN id ADD GENERATED BY DEFAULT AS IDENTITY (
    SEQUENCE NAME public.auth_user_user_permissions_id_seq
    START WITH 1
    INCREMENT BY 1
    NO MINVALUE
    NO MAXVALUE
    CACHE 1
);


--
-- Name: django_admin_log; Type: TABLE; Schema: public; Owner: postgres
--

CREATE TABLE public.django_admin_log (
    id integer NOT NULL,
    action_time timestamp with time zone NOT NULL,
    object_id text,
    object_repr character varying(200) NOT NULL,
    action_flag smallint NOT NULL,
    change_message text NOT NULL,
    content_type_id integer,
    user_id integer NOT NULL,
    CONSTRAINT django_admin_log_action_flag_check CHECK ((action_flag >= 0))
);


ALTER TABLE public.django_admin_log OWNER TO postgres;

--
-- Name: django_admin_log_id_seq; Type: SEQUENCE; Schema: public; Owner: postgres
--

ALTER TABLE public.django_admin_log ALTER COLUMN id ADD GENERATED BY DEFAULT AS IDENTITY (
    SEQUENCE NAME public.django_admin_log_id_seq
    START WITH 1
    INCREMENT BY 1
    NO MINVALUE
    NO MAXVALUE
    CACHE 1
);


--
-- Name: django_content_type; Type: TABLE; Schema: public; Owner: postgres
--

CREATE TABLE public.django_content_type (
    id integer NOT NULL,
    app_label character varying(100) NOT NULL,
    model character varying(100) NOT NULL
);


ALTER TABLE public.django_content_type OWNER TO postgres;

--
-- Name: django_content_type_id_seq; Type: SEQUENCE; Schema: public; Owner: postgres
--

ALTER TABLE public.django_content_type ALTER COLUMN id ADD GENERATED BY DEFAULT AS IDENTITY (
    SEQUENCE NAME public.django_content_type_id_seq
    START WITH 1
    INCREMENT BY 1
    NO MINVALUE
    NO MAXVALUE
    CACHE 1
);


--
-- Name: django_migrations; Type: TABLE; Schema: public; Owner: postgres
--

CREATE TABLE public.django_migrations (
    id bigint NOT NULL,
    app character varying(255) NOT NULL,
    name character varying(255) NOT NULL,
    applied timestamp with time zone NOT NULL
);


ALTER TABLE public.django_migrations OWNER TO postgres;

--
-- Name: django_migrations_id_seq; Type: SEQUENCE; Schema: public; Owner: postgres
--

ALTER TABLE public.django_migrations ALTER COLUMN id ADD GENERATED BY DEFAULT AS IDENTITY (
    SEQUENCE NAME public.django_migrations_id_seq
    START WITH 1
    INCREMENT BY 1
    NO MINVALUE
    NO MAXVALUE
    CACHE 1
);


--
-- Name: django_session; Type: TABLE; Schema: public; Owner: postgres
--

CREATE TABLE public.django_session (
    session_key character varying(40) NOT NULL,
    session_data text NOT NULL,
    expire_date timestamp with time zone NOT NULL
);


ALTER TABLE public.django_session OWNER TO postgres;

--
-- Name: logic_car; Type: TABLE; Schema: public; Owner: postgres
--

CREATE TABLE public.logic_car (
    id bigint NOT NULL,
    url character varying(200) NOT NULL,
    title character varying(255) NOT NULL,
    price_usd numeric(10,2) NOT NULL,
    odometer integer NOT NULL,
    username character varying(255) NOT NULL,
    phone_number character varying(20) NOT NULL,
    image_url character varying(200) NOT NULL,
    images_count integer NOT NULL,
    car_number character varying(20) NOT NULL,
    car_vin character varying(17) NOT NULL,
    datetime_found timestamp with time zone NOT NULL
);


ALTER TABLE public.logic_car OWNER TO postgres;

--
-- Name: logic_car_id_seq; Type: SEQUENCE; Schema: public; Owner: postgres
--

ALTER TABLE public.logic_car ALTER COLUMN id ADD GENERATED BY DEFAULT AS IDENTITY (
    SEQUENCE NAME public.logic_car_id_seq
    START WITH 1
    INCREMENT BY 1
    NO MINVALUE
    NO MAXVALUE
    CACHE 1
);


--
-- Data for Name: auth_group; Type: TABLE DATA; Schema: public; Owner: postgres
--

COPY public.auth_group (id, name) FROM stdin;
\.


--
-- Data for Name: auth_group_permissions; Type: TABLE DATA; Schema: public; Owner: postgres
--

COPY public.auth_group_permissions (id, group_id, permission_id) FROM stdin;
\.


--
-- Data for Name: auth_permission; Type: TABLE DATA; Schema: public; Owner: postgres
--

COPY public.auth_permission (id, name, content_type_id, codename) FROM stdin;
1	Can add log entry	1	add_logentry
2	Can change log entry	1	change_logentry
3	Can delete log entry	1	delete_logentry
4	Can view log entry	1	view_logentry
5	Can add permission	2	add_permission
6	Can change permission	2	change_permission
7	Can delete permission	2	delete_permission
8	Can view permission	2	view_permission
9	Can add group	3	add_group
10	Can change group	3	change_group
11	Can delete group	3	delete_group
12	Can view group	3	view_group
13	Can add user	4	add_user
14	Can change user	4	change_user
15	Can delete user	4	delete_user
16	Can view user	4	view_user
17	Can add content type	5	add_contenttype
18	Can change content type	5	change_contenttype
19	Can delete content type	5	delete_contenttype
20	Can view content type	5	view_contenttype
21	Can add session	6	add_session
22	Can change session	6	change_session
23	Can delete session	6	delete_session
24	Can view session	6	view_session
25	Can add car	7	add_car
26	Can change car	7	change_car
27	Can delete car	7	delete_car
28	Can view car	7	view_car
\.


--
-- Data for Name: auth_user; Type: TABLE DATA; Schema: public; Owner: postgres
--

COPY public.auth_user (id, password, last_login, is_superuser, username, first_name, last_name, email, is_staff, is_active, date_joined) FROM stdin;
1	pbkdf2_sha256$600000$jxgzWDlHbSt5JJ38McMvhz$mSOWfKhujkO4QE5L7Enn9QPQxgRO2uyAykcNu6dt8Rg=	2024-01-20 14:45:57.912284+00	t	admin				t	t	2024-01-20 14:45:45.335209+00
\.


--
-- Data for Name: auth_user_groups; Type: TABLE DATA; Schema: public; Owner: postgres
--

COPY public.auth_user_groups (id, user_id, group_id) FROM stdin;
\.


--
-- Data for Name: auth_user_user_permissions; Type: TABLE DATA; Schema: public; Owner: postgres
--

COPY public.auth_user_user_permissions (id, user_id, permission_id) FROM stdin;
\.


--
-- Data for Name: django_admin_log; Type: TABLE DATA; Schema: public; Owner: postgres
--

COPY public.django_admin_log (id, action_time, object_id, object_repr, action_flag, change_message, content_type_id, user_id) FROM stdin;
\.


--
-- Data for Name: django_content_type; Type: TABLE DATA; Schema: public; Owner: postgres
--

COPY public.django_content_type (id, app_label, model) FROM stdin;
1	admin	logentry
2	auth	permission
3	auth	group
4	auth	user
5	contenttypes	contenttype
6	sessions	session
7	logic	car
\.


--
-- Data for Name: django_migrations; Type: TABLE DATA; Schema: public; Owner: postgres
--

COPY public.django_migrations (id, app, name, applied) FROM stdin;
1	contenttypes	0001_initial	2024-01-20 14:19:56.53152+00
2	auth	0001_initial	2024-01-20 14:19:56.988861+00
3	admin	0001_initial	2024-01-20 14:19:57.159938+00
4	admin	0002_logentry_remove_auto_add	2024-01-20 14:19:57.182631+00
5	admin	0003_logentry_add_action_flag_choices	2024-01-20 14:19:57.202137+00
6	contenttypes	0002_remove_content_type_name	2024-01-20 14:19:57.245264+00
7	auth	0002_alter_permission_name_max_length	2024-01-20 14:19:57.262973+00
8	auth	0003_alter_user_email_max_length	2024-01-20 14:19:57.281288+00
9	auth	0004_alter_user_username_opts	2024-01-20 14:19:57.318859+00
10	auth	0005_alter_user_last_login_null	2024-01-20 14:19:57.338849+00
11	auth	0006_require_contenttypes_0002	2024-01-20 14:19:57.346744+00
12	auth	0007_alter_validators_add_error_messages	2024-01-20 14:19:57.366784+00
13	auth	0008_alter_user_username_max_length	2024-01-20 14:19:57.396787+00
14	auth	0009_alter_user_last_name_max_length	2024-01-20 14:19:57.414457+00
15	auth	0010_alter_group_name_max_length	2024-01-20 14:19:57.443954+00
16	auth	0011_update_proxy_permissions	2024-01-20 14:19:57.460471+00
17	auth	0012_alter_user_first_name_max_length	2024-01-20 14:19:57.479583+00
18	logic	0001_initial	2024-01-20 14:19:57.515315+00
19	sessions	0001_initial	2024-01-20 14:19:57.565785+00
\.


--
-- Data for Name: django_session; Type: TABLE DATA; Schema: public; Owner: postgres
--

COPY public.django_session (session_key, session_data, expire_date) FROM stdin;
mfr3hc6wioq7ebdk3j0vwn1ifig38rbe	.eJxVjEEOwiAQRe_C2pBCR6Au3XsGMtOZStVAUtqV8e7SpAvd_vfef6uI25riVmWJM6uLMur0uxGOT8k74Afme9Fjyesyk94VfdCqb4XldT3cv4OENbUaBVCCd04AmKbO07nFwkjWoww0dEF6CL3zbHq2Aka8NcY2NAWgoD5fEKg4lg:1rRCbd:_kcK4CLTRNHvLleZCi7t4ArRB4whaiLhxODQNNQ5iH0	2024-02-03 14:45:57.938033+00
\.


--
-- Data for Name: logic_car; Type: TABLE DATA; Schema: public; Owner: postgres
--

COPY public.logic_car (id, url, title, price_usd, odometer, username, phone_number, image_url, images_count, car_number, car_vin, datetime_found) FROM stdin;
1	https://auto.ria.com/uk/auto_dodge_durango_35858015.html	Dodge Durango 2017	17999.00	199000	Максим	(095) 228 39 09	https://cdn3.riastatic.com/photosnew/auto/photo/dodge_durango__533075893f.jpg	62	nan	1C4RDHAG4HC805855	2024-01-20 14:45:13.82866+00
2	https://auto.ria.com/uk/auto_bmw_m8_gran_coupe_35857845.html	BMW M8 Gran Coupe 2019	100000.00	45000	Евгений	(099) 279 78 35	https://cdn0.riastatic.com/photosnew/auto/photo/bmw_m8-gran-coupe__531681460f.jpg	19	BC 1101 KP	WBSGV0C05LCD94945	2024-01-20 14:45:13.948146+00
3	https://auto.ria.com/uk/auto_toyota_camry_35904595.html	Toyota Camry 2017	25900.00	56000	Alexandrine	(073) 978 98 98	https://cdn2.riastatic.com/photosnew/auto/photo/toyota_camry__532980462f.jpg	78	BH 9399 HK	JTNBF4HK503000302	2024-01-20 14:45:13.955248+00
4	https://auto.ria.com/uk/auto_nissan_patrol_35554720.html	Nissan Patrol 2011	22999.00	168000	Віталій	(097) 103 77 72	https://cdn3.riastatic.com/photosnew/auto/photo/nissan_patrol__531929378f.jpg	33	AM 5555 CX	JN1TANY62U0015675	2024-01-20 14:45:13.962018+00
5	https://auto.ria.com/uk/auto_volkswagen_id_4_crozz_35864398.html	Volkswagen ID.4 Crozz 2023	28450.00	1000	SKM-1 Kyiv	(067) 546 41 41	https://cdn0.riastatic.com/photosnew/auto/photo/volkswagen_id-4-crozz__531861830f.jpg	36	nan	nan	2024-01-20 14:45:13.974954+00
6	https://auto.ria.com/uk/auto_volkswagen_id_4_crozz_35903713.html	Volkswagen ID.4 Crozz 2023	28450.00	1000	SKM-1 Kiev	(067) 372 97 73	https://cdn4.riastatic.com/photosnew/auto/photo/volkswagen_id-4-crozz__532956299f.jpg	43	nan	nan	2024-01-20 14:45:13.982063+00
7	https://auto.ria.com/uk/auto_volkswagen_id_4_crozz_35856700.html	Volkswagen ID.4 Crozz 2023	28000.00	1000	SKM-1 Kiev	(067) 372 97 73	https://cdn4.riastatic.com/photosnew/auto/photo/volkswagen_id-4-crozz__531651329f.jpg	28	nan	nan	2024-01-20 14:45:13.994263+00
8	https://auto.ria.com/uk/auto_volkswagen_id_4_crozz_35801472.html	Volkswagen ID.4 Crozz 2023	31300.00	1000	SKM-1 Kiev	(067) 372 97 73	https://cdn3.riastatic.com/photosnew/auto/photo/volkswagen_id-4-crozz__530208473f.jpg	33	nan	nan	2024-01-20 14:45:14.001834+00
9	https://auto.ria.com/uk/auto_mitsubishi_pajero_sport_35830255.html	Mitsubishi Pajero Sport 2011	17500.00	111000	Андрей Анатольевич	(098) 966 99 89	https://cdn2.riastatic.com/photosnew/auto/photo/mitsubishi_pajero-sport__531131082f.jpg	109	BH 3220 EX	MMCGYKH40BFZ09113	2024-01-20 14:45:14.008663+00
10	https://auto.ria.com/uk/auto_volkswagen_id_4_crozz_35883468.html	Volkswagen ID.4 Crozz 2023	28000.00	1000	SKM-1 Kyiv	(067) 546 41 41	https://cdn0.riastatic.com/photosnew/auto/photo/volkswagen_id-4-crozz__532400630f.jpg	32	nan	nan	2024-01-20 14:45:14.015696+00
11	https://auto.ria.com/uk/auto_volkswagen_id_4_crozz_35870523.html	Volkswagen ID.4 Crozz 2023	28450.00	1000	SKM-1 Lviv	(067) 414 69 59	https://cdn3.riastatic.com/photosnew/auto/photo/volkswagen_id-4-crozz__532031358f.jpg	42	nan	nan	2024-01-20 14:45:14.022907+00
12	https://auto.ria.com/uk/auto_volkswagen_id_4_crozz_35903411.html	Volkswagen ID.4 Crozz 2023	28450.00	1000	SKM-1	(067) 522 07 99	https://cdn3.riastatic.com/photosnew/auto/photo/volkswagen_id-4-crozz__532946108f.jpg	31	nan	nan	2024-01-20 14:45:14.029756+00
13	https://auto.ria.com/uk/auto_volkswagen_id_4_crozz_35852534.html	Volkswagen ID.4 Crozz 2023	37950.00	1000	SKM-1 Kyiv	(067) 546 41 41	https://cdn4.riastatic.com/photosnew/auto/photo/volkswagen_id-4-crozz__531548169f.jpg	58	nan	nan	2024-01-20 14:45:14.04112+00
14	https://auto.ria.com/uk/auto_volkswagen_id_4_crozz_35838596.html	Volkswagen ID.4 Crozz 2023	31300.00	1000	SKM-1 Lviv	(067) 414 69 59	https://cdn0.riastatic.com/photosnew/auto/photo/volkswagen_id-4-crozz__531191165f.jpg	34	nan	nan	2024-01-20 14:45:14.04814+00
15	https://auto.ria.com/uk/auto_volkswagen_id_4_crozz_35838968.html	Volkswagen ID.4 Crozz 2023	37500.00	1000	SKM-1 Kiev	(067) 372 97 73	https://cdn0.riastatic.com/photosnew/auto/photo/volkswagen_id-4-crozz__531200920f.jpg	58	nan	nan	2024-01-20 14:45:14.055061+00
16	https://auto.ria.com/uk/auto_volkswagen_id_4_crozz_35866199.html	Volkswagen ID.4 Crozz 2023	28450.00	1000	SKM-1	(067) 414 66 50	https://cdn4.riastatic.com/photosnew/auto/photo/volkswagen_id-4-crozz__531912434f.jpg	38	nan	nan	2024-01-20 14:45:14.061913+00
17	https://auto.ria.com/uk/auto_volkswagen_id_4_crozz_35856278.html	Volkswagen ID.4 Crozz 2023	28000.00	1000	SKM-1	(067) 181 35 57	https://cdn2.riastatic.com/photosnew/auto/photo/volkswagen_id-4-crozz__531639097f.jpg	39	nan	nan	2024-01-20 14:45:14.06902+00
18	https://auto.ria.com/uk/auto_volkswagen_id_4_crozz_35802725.html	Volkswagen ID.4 Crozz 2023	28450.00	1000	4Колеса	(067) 155 73 73	https://cdn3.riastatic.com/photosnew/auto/photo/volkswagen_id-4-crozz__530241573f.jpg	35	nan	nan	2024-01-20 14:45:14.075971+00
19	https://auto.ria.com/uk/auto_volkswagen_id_4_crozz_35903890.html	Volkswagen ID.4 Crozz 2023	28450.00	1000	SKM-1 Kyiv	(067) 546 41 41	https://cdn4.riastatic.com/photosnew/auto/photo/volkswagen_id-4-crozz__532960609f.jpg	40	nan	nan	2024-01-20 14:45:14.083051+00
20	https://auto.ria.com/uk/auto_volkswagen_id_4_crozz_35863542.html	Volkswagen ID.4 Crozz 2023	28450.00	1000	4Колеса Львів	(067) 339 55 42	https://cdn4.riastatic.com/photosnew/auto/photo/volkswagen_id-4-crozz__531836529f.jpg	30	nan	nan	2024-01-20 14:45:14.08991+00
\.


--
-- Name: auth_group_id_seq; Type: SEQUENCE SET; Schema: public; Owner: postgres
--

SELECT pg_catalog.setval('public.auth_group_id_seq', 1, false);


--
-- Name: auth_group_permissions_id_seq; Type: SEQUENCE SET; Schema: public; Owner: postgres
--

SELECT pg_catalog.setval('public.auth_group_permissions_id_seq', 1, false);


--
-- Name: auth_permission_id_seq; Type: SEQUENCE SET; Schema: public; Owner: postgres
--

SELECT pg_catalog.setval('public.auth_permission_id_seq', 28, true);


--
-- Name: auth_user_groups_id_seq; Type: SEQUENCE SET; Schema: public; Owner: postgres
--

SELECT pg_catalog.setval('public.auth_user_groups_id_seq', 1, false);


--
-- Name: auth_user_id_seq; Type: SEQUENCE SET; Schema: public; Owner: postgres
--

SELECT pg_catalog.setval('public.auth_user_id_seq', 1, true);


--
-- Name: auth_user_user_permissions_id_seq; Type: SEQUENCE SET; Schema: public; Owner: postgres
--

SELECT pg_catalog.setval('public.auth_user_user_permissions_id_seq', 1, false);


--
-- Name: django_admin_log_id_seq; Type: SEQUENCE SET; Schema: public; Owner: postgres
--

SELECT pg_catalog.setval('public.django_admin_log_id_seq', 1, false);


--
-- Name: django_content_type_id_seq; Type: SEQUENCE SET; Schema: public; Owner: postgres
--

SELECT pg_catalog.setval('public.django_content_type_id_seq', 7, true);


--
-- Name: django_migrations_id_seq; Type: SEQUENCE SET; Schema: public; Owner: postgres
--

SELECT pg_catalog.setval('public.django_migrations_id_seq', 19, true);


--
-- Name: logic_car_id_seq; Type: SEQUENCE SET; Schema: public; Owner: postgres
--

SELECT pg_catalog.setval('public.logic_car_id_seq', 20, true);


--
-- Name: auth_group auth_group_name_key; Type: CONSTRAINT; Schema: public; Owner: postgres
--

ALTER TABLE ONLY public.auth_group
    ADD CONSTRAINT auth_group_name_key UNIQUE (name);


--
-- Name: auth_group_permissions auth_group_permissions_group_id_permission_id_0cd325b0_uniq; Type: CONSTRAINT; Schema: public; Owner: postgres
--

ALTER TABLE ONLY public.auth_group_permissions
    ADD CONSTRAINT auth_group_permissions_group_id_permission_id_0cd325b0_uniq UNIQUE (group_id, permission_id);


--
-- Name: auth_group_permissions auth_group_permissions_pkey; Type: CONSTRAINT; Schema: public; Owner: postgres
--

ALTER TABLE ONLY public.auth_group_permissions
    ADD CONSTRAINT auth_group_permissions_pkey PRIMARY KEY (id);


--
-- Name: auth_group auth_group_pkey; Type: CONSTRAINT; Schema: public; Owner: postgres
--

ALTER TABLE ONLY public.auth_group
    ADD CONSTRAINT auth_group_pkey PRIMARY KEY (id);


--
-- Name: auth_permission auth_permission_content_type_id_codename_01ab375a_uniq; Type: CONSTRAINT; Schema: public; Owner: postgres
--

ALTER TABLE ONLY public.auth_permission
    ADD CONSTRAINT auth_permission_content_type_id_codename_01ab375a_uniq UNIQUE (content_type_id, codename);


--
-- Name: auth_permission auth_permission_pkey; Type: CONSTRAINT; Schema: public; Owner: postgres
--

ALTER TABLE ONLY public.auth_permission
    ADD CONSTRAINT auth_permission_pkey PRIMARY KEY (id);


--
-- Name: auth_user_groups auth_user_groups_pkey; Type: CONSTRAINT; Schema: public; Owner: postgres
--

ALTER TABLE ONLY public.auth_user_groups
    ADD CONSTRAINT auth_user_groups_pkey PRIMARY KEY (id);


--
-- Name: auth_user_groups auth_user_groups_user_id_group_id_94350c0c_uniq; Type: CONSTRAINT; Schema: public; Owner: postgres
--

ALTER TABLE ONLY public.auth_user_groups
    ADD CONSTRAINT auth_user_groups_user_id_group_id_94350c0c_uniq UNIQUE (user_id, group_id);


--
-- Name: auth_user auth_user_pkey; Type: CONSTRAINT; Schema: public; Owner: postgres
--

ALTER TABLE ONLY public.auth_user
    ADD CONSTRAINT auth_user_pkey PRIMARY KEY (id);


--
-- Name: auth_user_user_permissions auth_user_user_permissions_pkey; Type: CONSTRAINT; Schema: public; Owner: postgres
--

ALTER TABLE ONLY public.auth_user_user_permissions
    ADD CONSTRAINT auth_user_user_permissions_pkey PRIMARY KEY (id);


--
-- Name: auth_user_user_permissions auth_user_user_permissions_user_id_permission_id_14a6b632_uniq; Type: CONSTRAINT; Schema: public; Owner: postgres
--

ALTER TABLE ONLY public.auth_user_user_permissions
    ADD CONSTRAINT auth_user_user_permissions_user_id_permission_id_14a6b632_uniq UNIQUE (user_id, permission_id);


--
-- Name: auth_user auth_user_username_key; Type: CONSTRAINT; Schema: public; Owner: postgres
--

ALTER TABLE ONLY public.auth_user
    ADD CONSTRAINT auth_user_username_key UNIQUE (username);


--
-- Name: django_admin_log django_admin_log_pkey; Type: CONSTRAINT; Schema: public; Owner: postgres
--

ALTER TABLE ONLY public.django_admin_log
    ADD CONSTRAINT django_admin_log_pkey PRIMARY KEY (id);


--
-- Name: django_content_type django_content_type_app_label_model_76bd3d3b_uniq; Type: CONSTRAINT; Schema: public; Owner: postgres
--

ALTER TABLE ONLY public.django_content_type
    ADD CONSTRAINT django_content_type_app_label_model_76bd3d3b_uniq UNIQUE (app_label, model);


--
-- Name: django_content_type django_content_type_pkey; Type: CONSTRAINT; Schema: public; Owner: postgres
--

ALTER TABLE ONLY public.django_content_type
    ADD CONSTRAINT django_content_type_pkey PRIMARY KEY (id);


--
-- Name: django_migrations django_migrations_pkey; Type: CONSTRAINT; Schema: public; Owner: postgres
--

ALTER TABLE ONLY public.django_migrations
    ADD CONSTRAINT django_migrations_pkey PRIMARY KEY (id);


--
-- Name: django_session django_session_pkey; Type: CONSTRAINT; Schema: public; Owner: postgres
--

ALTER TABLE ONLY public.django_session
    ADD CONSTRAINT django_session_pkey PRIMARY KEY (session_key);


--
-- Name: logic_car logic_car_pkey; Type: CONSTRAINT; Schema: public; Owner: postgres
--

ALTER TABLE ONLY public.logic_car
    ADD CONSTRAINT logic_car_pkey PRIMARY KEY (id);


--
-- Name: auth_group_name_a6ea08ec_like; Type: INDEX; Schema: public; Owner: postgres
--

CREATE INDEX auth_group_name_a6ea08ec_like ON public.auth_group USING btree (name varchar_pattern_ops);


--
-- Name: auth_group_permissions_group_id_b120cbf9; Type: INDEX; Schema: public; Owner: postgres
--

CREATE INDEX auth_group_permissions_group_id_b120cbf9 ON public.auth_group_permissions USING btree (group_id);


--
-- Name: auth_group_permissions_permission_id_84c5c92e; Type: INDEX; Schema: public; Owner: postgres
--

CREATE INDEX auth_group_permissions_permission_id_84c5c92e ON public.auth_group_permissions USING btree (permission_id);


--
-- Name: auth_permission_content_type_id_2f476e4b; Type: INDEX; Schema: public; Owner: postgres
--

CREATE INDEX auth_permission_content_type_id_2f476e4b ON public.auth_permission USING btree (content_type_id);


--
-- Name: auth_user_groups_group_id_97559544; Type: INDEX; Schema: public; Owner: postgres
--

CREATE INDEX auth_user_groups_group_id_97559544 ON public.auth_user_groups USING btree (group_id);


--
-- Name: auth_user_groups_user_id_6a12ed8b; Type: INDEX; Schema: public; Owner: postgres
--

CREATE INDEX auth_user_groups_user_id_6a12ed8b ON public.auth_user_groups USING btree (user_id);


--
-- Name: auth_user_user_permissions_permission_id_1fbb5f2c; Type: INDEX; Schema: public; Owner: postgres
--

CREATE INDEX auth_user_user_permissions_permission_id_1fbb5f2c ON public.auth_user_user_permissions USING btree (permission_id);


--
-- Name: auth_user_user_permissions_user_id_a95ead1b; Type: INDEX; Schema: public; Owner: postgres
--

CREATE INDEX auth_user_user_permissions_user_id_a95ead1b ON public.auth_user_user_permissions USING btree (user_id);


--
-- Name: auth_user_username_6821ab7c_like; Type: INDEX; Schema: public; Owner: postgres
--

CREATE INDEX auth_user_username_6821ab7c_like ON public.auth_user USING btree (username varchar_pattern_ops);


--
-- Name: django_admin_log_content_type_id_c4bce8eb; Type: INDEX; Schema: public; Owner: postgres
--

CREATE INDEX django_admin_log_content_type_id_c4bce8eb ON public.django_admin_log USING btree (content_type_id);


--
-- Name: django_admin_log_user_id_c564eba6; Type: INDEX; Schema: public; Owner: postgres
--

CREATE INDEX django_admin_log_user_id_c564eba6 ON public.django_admin_log USING btree (user_id);


--
-- Name: django_session_expire_date_a5c62663; Type: INDEX; Schema: public; Owner: postgres
--

CREATE INDEX django_session_expire_date_a5c62663 ON public.django_session USING btree (expire_date);


--
-- Name: django_session_session_key_c0390e0f_like; Type: INDEX; Schema: public; Owner: postgres
--

CREATE INDEX django_session_session_key_c0390e0f_like ON public.django_session USING btree (session_key varchar_pattern_ops);


--
-- Name: auth_group_permissions auth_group_permissio_permission_id_84c5c92e_fk_auth_perm; Type: FK CONSTRAINT; Schema: public; Owner: postgres
--

ALTER TABLE ONLY public.auth_group_permissions
    ADD CONSTRAINT auth_group_permissio_permission_id_84c5c92e_fk_auth_perm FOREIGN KEY (permission_id) REFERENCES public.auth_permission(id) DEFERRABLE INITIALLY DEFERRED;


--
-- Name: auth_group_permissions auth_group_permissions_group_id_b120cbf9_fk_auth_group_id; Type: FK CONSTRAINT; Schema: public; Owner: postgres
--

ALTER TABLE ONLY public.auth_group_permissions
    ADD CONSTRAINT auth_group_permissions_group_id_b120cbf9_fk_auth_group_id FOREIGN KEY (group_id) REFERENCES public.auth_group(id) DEFERRABLE INITIALLY DEFERRED;


--
-- Name: auth_permission auth_permission_content_type_id_2f476e4b_fk_django_co; Type: FK CONSTRAINT; Schema: public; Owner: postgres
--

ALTER TABLE ONLY public.auth_permission
    ADD CONSTRAINT auth_permission_content_type_id_2f476e4b_fk_django_co FOREIGN KEY (content_type_id) REFERENCES public.django_content_type(id) DEFERRABLE INITIALLY DEFERRED;


--
-- Name: auth_user_groups auth_user_groups_group_id_97559544_fk_auth_group_id; Type: FK CONSTRAINT; Schema: public; Owner: postgres
--

ALTER TABLE ONLY public.auth_user_groups
    ADD CONSTRAINT auth_user_groups_group_id_97559544_fk_auth_group_id FOREIGN KEY (group_id) REFERENCES public.auth_group(id) DEFERRABLE INITIALLY DEFERRED;


--
-- Name: auth_user_groups auth_user_groups_user_id_6a12ed8b_fk_auth_user_id; Type: FK CONSTRAINT; Schema: public; Owner: postgres
--

ALTER TABLE ONLY public.auth_user_groups
    ADD CONSTRAINT auth_user_groups_user_id_6a12ed8b_fk_auth_user_id FOREIGN KEY (user_id) REFERENCES public.auth_user(id) DEFERRABLE INITIALLY DEFERRED;


--
-- Name: auth_user_user_permissions auth_user_user_permi_permission_id_1fbb5f2c_fk_auth_perm; Type: FK CONSTRAINT; Schema: public; Owner: postgres
--

ALTER TABLE ONLY public.auth_user_user_permissions
    ADD CONSTRAINT auth_user_user_permi_permission_id_1fbb5f2c_fk_auth_perm FOREIGN KEY (permission_id) REFERENCES public.auth_permission(id) DEFERRABLE INITIALLY DEFERRED;


--
-- Name: auth_user_user_permissions auth_user_user_permissions_user_id_a95ead1b_fk_auth_user_id; Type: FK CONSTRAINT; Schema: public; Owner: postgres
--

ALTER TABLE ONLY public.auth_user_user_permissions
    ADD CONSTRAINT auth_user_user_permissions_user_id_a95ead1b_fk_auth_user_id FOREIGN KEY (user_id) REFERENCES public.auth_user(id) DEFERRABLE INITIALLY DEFERRED;


--
-- Name: django_admin_log django_admin_log_content_type_id_c4bce8eb_fk_django_co; Type: FK CONSTRAINT; Schema: public; Owner: postgres
--

ALTER TABLE ONLY public.django_admin_log
    ADD CONSTRAINT django_admin_log_content_type_id_c4bce8eb_fk_django_co FOREIGN KEY (content_type_id) REFERENCES public.django_content_type(id) DEFERRABLE INITIALLY DEFERRED;


--
-- Name: django_admin_log django_admin_log_user_id_c564eba6_fk_auth_user_id; Type: FK CONSTRAINT; Schema: public; Owner: postgres
--

ALTER TABLE ONLY public.django_admin_log
    ADD CONSTRAINT django_admin_log_user_id_c564eba6_fk_auth_user_id FOREIGN KEY (user_id) REFERENCES public.auth_user(id) DEFERRABLE INITIALLY DEFERRED;


--
-- PostgreSQL database dump complete
--

